page,cid,height,timestamp,from,to,value,method,receipt
1,bafy2bzacecmn6cyzqpc2uaekoyonat7slym3m5yj4k6lkvko6c6gfwrdc6kpq,1566733,1645308390,f3qh4b5u5cmmi7aqflhn5agnzjyhlzkaopbrsjunkeew4ookixo6gcyfaoy5qnkwghzrsbvbihxqe35x5iwp6a,f01466136,157274537125913589,ProveCommitSector,{'exitCode': 0}
1,bafy2bzacecnynqcouz6ccibvsroiuxhrsqqnjgxnssayxme7ra2zjhckdxqac,1566733,1645308390,f3vvlp4tc6sjepaku7yy4w3om3plt3v2f3mqipemntmnn2qlmvbqgiefvmyyzwnguxhphrg2qg2wsr7ceokc4q,f0875769,13149293463647140,PreCommitSector,{'exitCode': 0}
1,bafy2bzaced7iapg5v5o3jbvhckuqezdy2kfi6h76uuh7zz7xqcdfrcwojrrau,1566733,1645308390,f3qbtiklwcrhfegkpl7oskv36ytu5nk6vs6l4njkkjolrauhkrcy7lbjx3ocddfcawvyi6eqizv3frwyyqp77a,f01736786,0,PreCommitSector,{'exitCode': 0}
1,bafy2bzacecmt2xqagkctjh2v5ef2hl5wkn6pla56hp4yfybq6osjxkrr6zszw,1566733,1645308390,f3qbtiklwcrhfegkpl7oskv36ytu5nk6vs6l4njkkjolrauhkrcy7lbjx3ocddfcawvyi6eqizv3frwyyqp77a,f01736786,0,PreCommitSector,{'exitCode': 0}
1,bafy2bzacedsqicza3x5rxun2hmdex2cwocnrvo5g7bnqgvuxafin4wwvlnlii,1566733,1645308390,f3qbtiklwcrhfegkpl7oskv36ytu5nk6vs6l4njkkjolrauhkrcy7lbjx3ocddfcawvyi6eqizv3frwyyqp77a,f01736786,0,ProveCommitSector,{'exitCode': 0}
1,bafy2bzaceao227x4chm2gk2rkt7ep6glrcwukzda6yzuc2aobjzwrljpgimmk,1566733,1645308390,f3vh52osxzfcbvw4un3dqliwlaloofy4jb7fqd5o7ovuwb6zshnns3tlziplsn4fompik6xk3ped2vsdnrflga,f01715238,157274307217235989,ProveCommitSector,{'exitCode': 0}
1,bafy2bzacecknadui4uya3wgxbz2rkn5goxreypyyukyg5swi2sswf57qiujfu,1566733,1645308390,f3r64u6ntsj2ld2jfyxlyppkpidhext5dpdklkpm774n2lloaott4a2bvgznvkpgj46grlafc3dc7ajo4uxsha,f0463030,0,SubmitWindowedPoSt,{'exitCode': 0}
1,bafy2bzacedk7rpbirg7lm2dnar5dnc6rluvmlfnb22ux5nspbmmkkcbuav4uq,1566733,1645308390,f3rdhxucdkhgyqiymqv6yboliy55zujrtbnfj6cspcskcreexjwiag7nenaixc23p3lmzt56gbuexe5flt5zya,f01319803,13149273608769856,PreCommitSector,{'exitCode': 0}
1,bafy2bzacebifw2qkm3p2kmtz7eiakewfkf5hm3rku4crt62jcziuapvlw3vfi,1566733,1645308390,f3scbgu7hiqz4zfojmg36xxfxsy4js5qflivaowrhcdjxqenjerkn4vcfmaeetupyiygfyn5aeprzy3n6przqq,f0223933,13149293463647140,PreCommitSector,{'exitCode': 0}
1,bafy2bzacecmajla4f32xwjn4kfr2wul6fk7og3aryguosint2cntfdh4bnrck,1566733,1645308390,f3scbgu7hiqz4zfojmg36xxfxsy4js5qflivaowrhcdjxqenjerkn4vcfmaeetupyiygfyn5aeprzy3n6przqq,f0223933,157274547585526106,ProveCommitSector,{'exitCode': 0}
1,bafy2bzacebdz6mqhlpuqhrijk2iz45ftkfizt6n4gkuwfnfg7b3zp7voiosrm,1566733,1645308390,f3tdo6lbbxonx3rdtaizcyftafhgldetpytt7xa7iwbjemgkcvjvlouzdqaa6kmz7lw6gaslijgsmtce52bzhq,f01128800,157274542156098290,ProveCommitSector,{'exitCode': 0}
1,bafy2bzaced5oe56yv5fgtvhlanmfwqvshcdirjxvu4xqbimcp5n55ywmcoxwq,1566733,1645308390,f3rxv2uki3gve5uauis255novqtpoba4y65mtu5mle2sju4lt2obtqkj4y7jn3te5lcmvtuuqozvinenst4qvq,f01727648,13149293463647140,PreCommitSector,{'exitCode': 0}
1,bafy2bzacedrgrunnuzjbolypyyjijr3eo67clb6whogdm6ajs27xv2fcl6bri,1566733,1645308390,f3rxv2uki3gve5uauis255novqtpoba4y65mtu5mle2sju4lt2obtqkj4y7jn3te5lcmvtuuqozvinenst4qvq,f01727648,157274282038322270,ProveCommitSector,{'exitCode': 0}
1,bafy2bzacebtf3sh6e3a4ptjplm25z2bdjyk4guqncqxrbxakbgerjgcnrowhc,1566733,1645308390,f3v5a6vwrokt3mcrdzfggn7gecxdrhil6j3uvg2uxzdyrfue3s2plmtvlvesvqd3rqobdu4uqe4ps5osld4p4a,f01654220,157274664473357785,ProveCommitSector,{'exitCode': 0}
1,bafy2bzacecxgjx42dfnlgh2fc7aanuln2us44sexfk53vur5x4h6wkhj4ejsu,1566733,1645308390,f3wop5d4olil4gdnqgqhyobc2ozfg6wxw45gkog3t4unc4hsma34ij37c4gryouvafciplkxemz2li4rrejnmq,f01658594,13149273608769856,PreCommitSector,{'exitCode': 0}
1,bafy2bzacebgmckwor552pueg7n5g2yr2uckmnlpxgxmkxodomrxqiw563hhgi,1566733,1645308390,f3ww3ofpemnklhhydag6u46bhygijdg62zsdkogcdlqrjfrps7pqr5qct2fhulczafavgydxxcbpewuvpazsea,f01359873,157274337045888738,ProveCommitSector,{'exitCode': 0}
1,bafy2bzaceczzctydops32bqvznjkwmmo7cdwqahcslkyv6aj3gfcwyy6bskno,1566733,1645308390,f3vof57apibvudldwpol2mevnxxcreeiqqw722aabdnoo4qzeemqwwjafyb6dmc5oqi63etjaz6szfzpxqv7na,f0761728,0,SubmitWindowedPoSt,{'exitCode': 0}
1,bafy2bzaceb4mwnf2lgno74hr6fbj7ajrbqbsq2izahq4yqm6vqgp7nohc7bpq,1566733,1645308390,f3wiqxkukpvbbar4tbtg3bshcncuqimzr33i6fgbajrzfvyw4vpwgw3wfa43j7sxb4yf3fzyjqq64abwsxdvia,f0116287,13149121148536688,PreCommitSector,{'exitCode': 0}
1,bafy2bzacec3y7ryirojwybjojgwdjamhb6s5ovedx4siqwjapyuiztt5vh5wq,1566733,1645308390,f3wiqxkukpvbbar4tbtg3bshcncuqimzr33i6fgbajrzfvyw4vpwgw3wfa43j7sxb4yf3fzyjqq64abwsxdvia,f0116287,13149273608769856,PreCommitSector,{'exitCode': 0}
1,bafy2bzacebjto7gnoze7dbmh2irtefgqqkqseo4p4cupc2w6kjdgpl2gteqkq,1566733,1645308390,f3wiqxkukpvbbar4tbtg3bshcncuqimzr33i6fgbajrzfvyw4vpwgw3wfa43j7sxb4yf3fzyjqq64abwsxdvia,f0116287,13149243535858160,PreCommitSector,{'exitCode': 0}
1,bafy2bzacedsfkwblzdllpaqqjkmf3rdapr7behnobsjt2xqv2md5joiynyww6,1566733,1645308390,f3wiqxkukpvbbar4tbtg3bshcncuqimzr33i6fgbajrzfvyw4vpwgw3wfa43j7sxb4yf3fzyjqq64abwsxdvia,f0116287,13149142071759683,PreCommitSector,{'exitCode': 0}
1,bafy2bzaceakkjlqtq43t3y2uxxsjg5nklr5h5xnwncikltmywthba4pvmmtr2,1566733,1645308390,f3wiqxkukpvbbar4tbtg3bshcncuqimzr33i6fgbajrzfvyw4vpwgw3wfa43j7sxb4yf3fzyjqq64abwsxdvia,f0116287,13149173687891807,PreCommitSector,{'exitCode': 0}
1,bafy2bzaceb4nef47xhtesd5jrxadasb5hssigcgjhiic4xqjt6fqthstnksqm,1566733,1645308390,f3wiqxkukpvbbar4tbtg3bshcncuqimzr33i6fgbajrzfvyw4vpwgw3wfa43j7sxb4yf3fzyjqq64abwsxdvia,f0116287,13149293463647140,PreCommitSector,{'exitCode': 0}
1,bafy2bzacebuwoscodcvgkzjpfqop3w7bnm6p4tlkn2cxgma43sb2pdyrxfwwm,1566733,1645308390,f3wiqxkukpvbbar4tbtg3bshcncuqimzr33i6fgbajrzfvyw4vpwgw3wfa43j7sxb4yf3fzyjqq64abwsxdvia,f0116287,13149273608769856,PreCommitSector,{'exitCode': 0}
1,bafy2bzacebeam3maabbt5dqjlrxwxdo45aeokpqncwhbdvopmbcq3ukgtnp6c,1566733,1645308390,f3wiqxkukpvbbar4tbtg3bshcncuqimzr33i6fgbajrzfvyw4vpwgw3wfa43j7sxb4yf3fzyjqq64abwsxdvia,f0116287,13149263552597551,PreCommitSector,{'exitCode': 0}
1,bafy2bzacecr4og6njth6j2xsj77lxixedmpywq35bwq3iv2yo7ppynnql65e2,1566733,1645308390,f3wiqxkukpvbbar4tbtg3bshcncuqimzr33i6fgbajrzfvyw4vpwgw3wfa43j7sxb4yf3fzyjqq64abwsxdvia,f0116287,13149253528282754,PreCommitSector,{'exitCode': 0}
1,bafy2bzacecgyl2ffcpvmcsnninl3d22iqv4f6t7ruqv6vazzhhzcrmxoqe7xo,1566733,1645308390,f3wiqxkukpvbbar4tbtg3bshcncuqimzr33i6fgbajrzfvyw4vpwgw3wfa43j7sxb4yf3fzyjqq64abwsxdvia,f0116287,13149253528282754,PreCommitSector,{'exitCode': 0}
1,bafy2bzacedw4xzbptigybs26z4fdkt6oct2tk73h4cjj37pwobnzwdn6lrdcm,1566733,1645308390,f3wiqxkukpvbbar4tbtg3bshcncuqimzr33i6fgbajrzfvyw4vpwgw3wfa43j7sxb4yf3fzyjqq64abwsxdvia,f0116287,13149233575356489,PreCommitSector,{'exitCode': 0}
1,bafy2bzacebsjpnpk6tesiod6tmdbvy24jsyam2lxrgk4zyreq2t7mt3fofrbq,1566733,1645308390,f3qh4b5u5cmmi7aqflhn5agnzjyhlzkaopbrsjunkeew4ookixo6gcyfaoy5qnkwghzrsbvbihxqe35x5iwp6a,f01466136,157274484169527693,ProveCommitSector,{'exitCode': 0}
1,bafy2bzacec2n3jiizssucqju373ui3pga6igwm7lj53qlyvftkstzpt67jcom,1566733,1645308390,f3qh4b5u5cmmi7aqflhn5agnzjyhlzkaopbrsjunkeew4ookixo6gcyfaoy5qnkwghzrsbvbihxqe35x5iwp6a,f01466136,13149283693179580,PreCommitSector,{'exitCode': 0}
1,bafy2bzacedim6m3f5ulqmll4eccp74py44yo6rozrzshwl6j5gwm4pjb4o2f4,1566733,1645308390,f3rddq22mtxa6jnlxrsmfod4zff2gl4qeo34tsjemeovz5wsmiyoqjgkpaaqtopcyzcew53e5zrg5z5bu2554q,f0222962,0,SubmitWindowedPoSt,{'exitCode': 0}
1,bafy2bzaceacq4bgermzyp3hkzv66grduqr4d42wtknmspej7awqniu43e3fqy,1566733,1645308390,f3qxk4m7h2qxloumy7ucomsz75qmamrwwattvurtnlic2doik6dxjp7u5sumv74mktitk5otdpv7jey7bqvbkq,f01250237,0,SubmitWindowedPoSt,{'exitCode': 0}
1,bafy2bzacecnhul37gaiycyers2yxd25st7zor3wjgvnwz4s4eb2hxdrrgxsym,1566733,1645308390,f3qsyxdl645keffbiqo4gzm635n73xog2k3yzebuyvfydmjhnjtriiwmw3yyi437w35fyrw7o4k7vzrhftfjkq,f01198583,314548837782934368,ProveCommitSector,{'exitCode': 0}
1,bafy2bzacea6jjlmca6iphrh2ghx2pv7h5sh7npphfqilxb3bchldddnlk5c3e,1566733,1645308390,f3umt5ib4zbxr3bupglogjgbbsqsimutdr2oliiu7miawrb2ih5mhfs7ublv2b4xbdpn7kuocd7wpl6t32u5ia,f01177571,0,SubmitWindowedPoSt,{'exitCode': 0}
1,bafy2bzaceb3kzpijld5z72tyimm5ji4lv64ojo6brfppgh6okmqjve57y3764,1566733,1645308390,f3v3yvtei3aumqd5xxnfslm4bvfh3mqfzuovllcxzyrdbsb63b2m2rvqyyqxicxgc4f6ss3abounjcyy5pumsa,f01730218,157274806933692470,ProveCommitSector,{'exitCode': 0}
1,bafy2bzaceck32fz7fjtu5et56qvkuxb4xnpwzb7xhwusuwuqyweiz4sak5wqq,1566733,1645308390,f3v3yvtei3aumqd5xxnfslm4bvfh3mqfzuovllcxzyrdbsb63b2m2rvqyyqxicxgc4f6ss3abounjcyy5pumsa,f01730218,13149293463647140,PreCommitSector,{'exitCode': 0}
1,bafy2bzacebphu72i5c2lk5zelyhjnexwgtuigfalayntyw3v5l2kb6mh7gxhm,1566733,1645308390,f3v3yvtei3aumqd5xxnfslm4bvfh3mqfzuovllcxzyrdbsb63b2m2rvqyyqxicxgc4f6ss3abounjcyy5pumsa,f01730218,13149293463647140,PreCommitSector,{'exitCode': 0}
1,bafy2bzacecj6ksgqqryjn5t2litlyatqvno6awyu6fizbynoc2v4c2wzq3y54,1566733,1645308390,f3v3yvtei3aumqd5xxnfslm4bvfh3mqfzuovllcxzyrdbsb63b2m2rvqyyqxicxgc4f6ss3abounjcyy5pumsa,f01730218,13149283693179580,PreCommitSector,{'exitCode': 0}
1,bafy2bzaceaydbzhaxmh2idgyhfznmhswxnsoxnzqngkqemxmb2mov3myh5zxg,1566733,1645308390,f3wiqxkukpvbbar4tbtg3bshcncuqimzr33i6fgbajrzfvyw4vpwgw3wfa43j7sxb4yf3fzyjqq64abwsxdvia,f0116287,13149173687891807,PreCommitSector,{'exitCode': 0}
1,bafy2bzaced7o37lsq53ke4iffosu6jtwomcqeembrzqiaixtke62dsi2h6f72,1566733,1645308390,f3wiqxkukpvbbar4tbtg3bshcncuqimzr33i6fgbajrzfvyw4vpwgw3wfa43j7sxb4yf3fzyjqq64abwsxdvia,f0116287,13149121148536688,PreCommitSector,{'exitCode': 0}
1,bafy2bzacead5r5cld35jmx46xnkaxnlvujtg54ppfkz5giq4uocxmtqra623q,1566733,1645308390,f3rxv2uki3gve5uauis255novqtpoba4y65mtu5mle2sju4lt2obtqkj4y7jn3te5lcmvtuuqozvinenst4qvq,f01727648,157274347770596947,ProveCommitSector,{'exitCode': 0}
1,bafy2bzaceadvayhmg7pspjgyzyayv5mjmsa4dykqf7uaaww3y5lwdti4wu3ts,1566733,1645308390,f3rxv2uki3gve5uauis255novqtpoba4y65mtu5mle2sju4lt2obtqkj4y7jn3te5lcmvtuuqozvinenst4qvq,f01727648,13149293463647140,PreCommitSector,{'exitCode': 0}
1,bafy2bzacedtvtsut26eadxkktoolkfom3czizdvqg62mclt2khpodbu2twyhe,1566733,1645308390,f3rxv2uki3gve5uauis255novqtpoba4y65mtu5mle2sju4lt2obtqkj4y7jn3te5lcmvtuuqozvinenst4qvq,f01727648,157274496171911773,ProveCommitSector,{'exitCode': 0}
1,bafy2bzaceck6ae6alcny4respxh5mafkwrgj2j2wjcve4wh4vqhoesi2ngqnc,1566733,1645308390,f3ulprdna6zwgrvrbd73g4pod5tbpq7tjytbc7olfj4skggykuifrh7j7anribpc5x2hywbkgq75lp37yp6yuq,f0441240,314548461644351927,ProveCommitSector,{'exitCode': 0}
1,bafy2bzaceajntnyw4yutodqhi6xozk6au6ox2yps7kgfehkaki3wv6wsebbts,1566733,1645308390,f3rep3rwnuvdfsxyaj4xa7iiooawphssdkpfdau2r6epszxmmiowobf3vquk6wcvqirvpt7klfhd2bzpzagfwa,f01639032,157274282038322270,ProveCommitSector,{'exitCode': 0}
1,bafy2bzacec5l7ekmbe3dltsftsmhspjjfjomxmamc6ypqul7tvn4indbwkwdo,1566733,1645308390,f3vtqotwwtq6dvejte3t6r76nz4nkkv5slgukllqhofm6z7c32ouvc2jl7dtuuboeqw3c6xwiuwkcd7xcfx7oa,f0717289,26298567386359161,PreCommitSector,{'exitCode': 0}
1,bafy2bzacecrcdatydnkbuod264x3ilnmtdtrhlvbbkxcbicfqqvwemq6kmexk,1566733,1645308390,f3qygnsauuwtghn56uhkoxrrtzj5evkwv5n5gdle4thttcfddgkkzfgoabatqmfuaiiitvqufdpvcgr5xgvwpa,f01660795,157274287162396710,ProveCommitSector,{'exitCode': 0}
1,bafy2bzacechknikf5opf5bzxsamsxtkzarnutq4dwh2vz7csbtcpmqrojbxia,1566733,1645308390,f3w45dkz37x55iz6butq74stg7dxvnxmyf4lt2vkf7yr7bwginwakowzlmf5vwmlnwhfdfxfyzd3wf6fgf4oya,f01680508,157274337509113141,ProveCommitSector,{'exitCode': 0}
1,bafy2bzacedekvdrjji4e22agnq5gxps2dniuwhiizo7nchcw6dpr7w4q6sbni,1566733,1645308390,f3q5ppvpoabmak66r6hjrqbvfh3t6ednevznmpryact2kgst3s3q6bbs6k66iiixvh6azuahagjuwqviuufgvq,f01417791,0,PreCommitSector,{'exitCode': 0}
1,bafy2bzacea6tyzeglezo2zueovtdsua72gaoqv7jgm3ccezx3tdlujh37yyfu,1566733,1645308390,f3wkfamyf77bxkpcarcxos5rdu5jne5cpzzvkdnigxre2wuenlenzti6yr6vquxqnfcepg4ntqxw5q5m7acljq,f0152747,314548872197118723,ProveCommitSector,{'exitCode': 0}
1,bafy2bzacecx5tsmifgyhb3sqjbtjlk5gnefcrfa45pzsim2nhikbzxho2yjio,1566733,1645308390,f3r3vmmd43arotnup2zpuwsrc6htxe3iepuhrw56yivalz7t6jfvfbolaibvaerzg6zus2hdkccxyfmyd7homq,f01385207,13149293463647140,PreCommitSector,{'exitCode': 0}
1,bafy2bzaceajqmguen6xxqhwvfdaecgg2wgr45wep5wtjdgfjpwzp3db3xkxvu,1566733,1645308390,f3u5wruv4g44ipkta6sz6mrsvbze3mv3tt6gk62bpulazlubrdbpvnur35mshxcj5kwpoip7hgiz32h6co42zq,f01737175,26298586927294282,PreCommitSector,{'exitCode': 0}
1,bafy2bzaceawuq6vo2dcxcjbruricapnsyryltcitt274fqckremqsjc6divlk,1566733,1645308390,f3u5wruv4g44ipkta6sz6mrsvbze3mv3tt6gk62bpulazlubrdbpvnur35mshxcj5kwpoip7hgiz32h6co42zq,f01737175,314548498576856833,ProveCommitSector,{'exitCode': 0}
1,bafy2bzaced6ojwtuqa5ehebodevvfpjlsycckez77mbxw5y7xmzs4qvrgkqii,1566733,1645308390,f3u5wruv4g44ipkta6sz6mrsvbze3mv3tt6gk62bpulazlubrdbpvnur35mshxcj5kwpoip7hgiz32h6co42zq,f01737175,26298586927294282,PreCommitSector,{'exitCode': 0}
1,bafy2bzacedhk3rg6ei4zu3l5pjsxejpye3jjmzoy4hpze5762m3wdwirm7bqw,1566733,1645308390,f3u5wruv4g44ipkta6sz6mrsvbze3mv3tt6gk62bpulazlubrdbpvnur35mshxcj5kwpoip7hgiz32h6co42zq,f01737175,314548498576856833,ProveCommitSector,{'exitCode': 0}
1,bafy2bzacebnem6uzifa3srjkobcko57wqcdiaqrak5r7wdysxmeyq64kle724,1566733,1645308390,f3u5wruv4g44ipkta6sz6mrsvbze3mv3tt6gk62bpulazlubrdbpvnur35mshxcj5kwpoip7hgiz32h6co42zq,f01737175,314548498576856833,ProveCommitSector,{'exitCode': 0}
1,bafy2bzaced3s5kaqpnobad4vxv2zzg3rmmsqasighqv3ildawcl4jck2mqmpi,1566733,1645308390,f3waj2urrqdruiagiaxtm4z6t35dhn6msue3fle47ez5gb2wulsojrvj4ykgntojo5scotojbvqzshuqg5ldvq,f01692831,13149293463647140,PreCommitSector,{'exitCode': 0}
1,bafy2bzacecmjgslzecqfqkfpolnwwgo4mmt3le2msucnnqyqq6lqlhgsylg46,1566733,1645308390,f3rnxyjvsvedgvorsfryrymly45twsljnz3tb6myoo7a3titqlw3ah34uepcj2jvlqu64zkeovhb3m2vztxatq,f01207045,3119618344851665357,ProveCommitSector,{'exitCode': 0}
1,bafy2bzacec6ul56gy7kdu2utfxq3xddramdobjgtbeyj6n5okvhyjkmcubbgk,1566733,1645308390,f3qygnsauuwtghn56uhkoxrrtzj5evkwv5n5gdle4thttcfddgkkzfgoabatqmfuaiiitvqufdpvcgr5xgvwpa,f01660795,13149293463647140,PreCommitSector,{'exitCode': 0}
1,bafy2bzaceborw7l4s7sp6k2u27bg4ihbc5xd6dk4ayxuu4w3cjem4wrx7ynmk,1566733,1645308390,f3se3ao66pqy6dvpzsifzeaqrksw23wcmkdusqdtsrf7kzxaq2hnz5g4yg2kvkb434e6yxifdp7pnzlbfgl2rq,f01731371,0,ProveCommitSector,{'exitCode': 0}
1,bafy2bzacearzivihcccftzjpoxnlvrkcngimxcgsdccfk2nz3s7q4rwmajsym,1566733,1645308390,f3se3ao66pqy6dvpzsifzeaqrksw23wcmkdusqdtsrf7kzxaq2hnz5g4yg2kvkb434e6yxifdp7pnzlbfgl2rq,f01731371,0,PreCommitSector,{'exitCode': 0}
1,bafy2bzacecuybssa27j3illvyvh3sgyueml52izhiqs57zqnnbo6wudl44bda,1566733,1645308390,f3se3ao66pqy6dvpzsifzeaqrksw23wcmkdusqdtsrf7kzxaq2hnz5g4yg2kvkb434e6yxifdp7pnzlbfgl2rq,f01731371,0,ProveCommitSector,{'exitCode': 0}
1,bafy2bzaceacaumm6d6c3s3cuxd5djq4tnzaebzkojvmyt5cz745tphk6db444,1566733,1645308390,f3se3ao66pqy6dvpzsifzeaqrksw23wcmkdusqdtsrf7kzxaq2hnz5g4yg2kvkb434e6yxifdp7pnzlbfgl2rq,f01731371,0,ProveCommitSector,{'exitCode': 0}
1,bafy2bzaceaocb3s4ai6jhiklcuxcvzvr6lx37lqd4ioujowzquxlrtsbysgww,1566733,1645308390,f3se3ao66pqy6dvpzsifzeaqrksw23wcmkdusqdtsrf7kzxaq2hnz5g4yg2kvkb434e6yxifdp7pnzlbfgl2rq,f01731371,0,PreCommitSector,{'exitCode': 0}
1,bafy2bzaceadqjsdbtyeeincskvugmze6mbxuorr4v3mcm3fnx6dxxixvwgfvy,1566733,1645308390,f3se3ao66pqy6dvpzsifzeaqrksw23wcmkdusqdtsrf7kzxaq2hnz5g4yg2kvkb434e6yxifdp7pnzlbfgl2rq,f01731371,0,PreCommitSector,{'exitCode': 0}
1,bafy2bzaceb6k5chbl7yqkh4rmoihpdaelgmbip36fyghorxhrcsu7leas76zm,1566733,1645308390,f3se3ao66pqy6dvpzsifzeaqrksw23wcmkdusqdtsrf7kzxaq2hnz5g4yg2kvkb434e6yxifdp7pnzlbfgl2rq,f01731371,0,PreCommitSector,{'exitCode': 0}
1,bafy2bzacedcdouckcn2dmbseo7zza6o6gcxosdyx2kiolcvbg4qyptcglfg4w,1566733,1645308390,f3se3ao66pqy6dvpzsifzeaqrksw23wcmkdusqdtsrf7kzxaq2hnz5g4yg2kvkb434e6yxifdp7pnzlbfgl2rq,f01731371,0,PreCommitSector,{'exitCode': 0}
1,bafy2bzaced53wz2my4zy4o3jr6pme6ymdnroqr4ua3wytwvhcalxk2suq4wiw,1566733,1645308390,f3se3ao66pqy6dvpzsifzeaqrksw23wcmkdusqdtsrf7kzxaq2hnz5g4yg2kvkb434e6yxifdp7pnzlbfgl2rq,f01731371,0,ProveCommitSector,{'exitCode': 0}
1,bafy2bzaceavuq53sqcktxybalh3q372d7odbs6uljwktko3skteo34oabfu74,1566733,1645308390,f3vu4vau344liamyezdrvinkfjkk26kgggoohe7xot2u7cvoaj6sxkbmjat2j55em7wrl7slqtcthxso3x5doq,f01438656,26298586927294282,PreCommitSector,{'exitCode': 0}
1,bafy2bzaceayl2tzsqacg5ysgwkemqttrfdfr6wpomyq2tnz5a32zdl5gtxlpq,1566733,1645308390,f3vu4vau344liamyezdrvinkfjkk26kgggoohe7xot2u7cvoaj6sxkbmjat2j55em7wrl7slqtcthxso3x5doq,f01438656,26298586927294282,PreCommitSector,{'exitCode': 0}
1,bafy2bzaceau23qnrml3kzwajfqdwpoat2y7gqfmt2idkq5mx32efnkj2ewb4k,1566733,1645308390,f3vu4vau344liamyezdrvinkfjkk26kgggoohe7xot2u7cvoaj6sxkbmjat2j55em7wrl7slqtcthxso3x5doq,f01438656,26298586927294282,PreCommitSector,{'exitCode': 0}
1,bafy2bzacec2k5xz2gitkccvbgxnndiweftosqszbkaqxafxv3vrnph34tklwi,1566733,1645308390,f3vu4vau344liamyezdrvinkfjkk26kgggoohe7xot2u7cvoaj6sxkbmjat2j55em7wrl7slqtcthxso3x5doq,f01438656,26298586927294282,PreCommitSector,{'exitCode': 0}
1,bafy2bzacecne6bnfz44cawjkmxjh4h7h4hmopu2ncouuri5t5d72r4en2pxdw,1566733,1645308390,f3vu4vau344liamyezdrvinkfjkk26kgggoohe7xot2u7cvoaj6sxkbmjat2j55em7wrl7slqtcthxso3x5doq,f01438656,26298586927294282,PreCommitSector,{'exitCode': 0}
1,bafy2bzaceagd4sz6lu6i5zx6jprh2swhp7r5qwvahv5vawcd636ooxozmk3ru,1566733,1645308390,f3vu4vau344liamyezdrvinkfjkk26kgggoohe7xot2u7cvoaj6sxkbmjat2j55em7wrl7slqtcthxso3x5doq,f01438656,26298586927294282,PreCommitSector,{'exitCode': 0}
1,bafy2bzacebpgvvobjzwhrkmzm5behbtcnuclmlvnupu2rj426zbqnyiqxzavm,1566733,1645308390,f3vu4vau344liamyezdrvinkfjkk26kgggoohe7xot2u7cvoaj6sxkbmjat2j55em7wrl7slqtcthxso3x5doq,f01438656,26298586927294282,PreCommitSector,{'exitCode': 0}
1,bafy2bzacec3cq4wcmkoauapou5kgsbsctulw35agtdn7drjv6w2qulkvgslfc,1566733,1645308390,f3vu4vau344liamyezdrvinkfjkk26kgggoohe7xot2u7cvoaj6sxkbmjat2j55em7wrl7slqtcthxso3x5doq,f01438656,26298586927294282,PreCommitSector,{'exitCode': 0}
1,bafy2bzaceakjfppyxv5dctpygmnov2tylakosapzqlvekbs7mq756vh4wko52,1566733,1645308390,f3vu4vau344liamyezdrvinkfjkk26kgggoohe7xot2u7cvoaj6sxkbmjat2j55em7wrl7slqtcthxso3x5doq,f01438656,26298586927294282,PreCommitSector,{'exitCode': 0}
1,bafy2bzacedsdxkyz3nadr7ipjjfe4hivt4f457f7i4mo34jhxbdo7ilskasns,1566733,1645308390,f3vu4vau344liamyezdrvinkfjkk26kgggoohe7xot2u7cvoaj6sxkbmjat2j55em7wrl7slqtcthxso3x5doq,f01438656,26298567386359161,PreCommitSector,{'exitCode': 0}
1,bafy2bzaced4nqtmrtohvckscchomqtlnni4x7zroosxswqtwpxjzvs6dhozsy,1566733,1645308390,f3vu4vau344liamyezdrvinkfjkk26kgggoohe7xot2u7cvoaj6sxkbmjat2j55em7wrl7slqtcthxso3x5doq,f01438656,26298567386359161,PreCommitSector,{'exitCode': 0}
1,bafy2bzacebjp5hjtampjwldihzqkat7ebzepjvxfh24zrrkliuaxds3relikc,1566733,1645308390,f3vu4vau344liamyezdrvinkfjkk26kgggoohe7xot2u7cvoaj6sxkbmjat2j55em7wrl7slqtcthxso3x5doq,f01438656,26298567386359161,PreCommitSector,{'exitCode': 0}
1,bafy2bzaceak323r4m4e5h7qa75es2wix5apydrlvebjtpsmvetpub4ksjhjfw,1566733,1645308390,f3vu4vau344liamyezdrvinkfjkk26kgggoohe7xot2u7cvoaj6sxkbmjat2j55em7wrl7slqtcthxso3x5doq,f01438656,26298567386359161,PreCommitSector,{'exitCode': 0}
1,bafy2bzaceccgatoskjnlygeoyntgpw54jsgttotjuddugvkmz6hp6pj3fgiag,1566733,1645308390,f3vu4vau344liamyezdrvinkfjkk26kgggoohe7xot2u7cvoaj6sxkbmjat2j55em7wrl7slqtcthxso3x5doq,f01438656,26298567386359161,PreCommitSector,{'exitCode': 0}
1,bafy2bzacecmqjvcqtipkdxr76t7fm5fkdmwjttakectvpw7mmt4womiqz7gnc,1566733,1645308390,f3vu4vau344liamyezdrvinkfjkk26kgggoohe7xot2u7cvoaj6sxkbmjat2j55em7wrl7slqtcthxso3x5doq,f01438656,26298567386359161,PreCommitSector,{'exitCode': 0}
1,bafy2bzacebix36sih6c2nglvgvtbobw5aa7atmbllmzntorfrua7fflvviike,1566733,1645308390,f3shrh43a22swuoeyzmye4is6eakko4ge53e5b5ch3iepa4rd2r2w67sbetqoo5etozdeoyr2woso7atq2fgca,f097840,157274989575985092,ProveCommitSector,{'exitCode': 0}
1,bafy2bzacecczysvwta2ave5e455s6yvkxpseuouducnolskgzgn2re34e5dek,1566733,1645308390,f3wxzgitvivxvttdfpxugfzneewxcjmbu76vva2illmgdfpro3pvmhcts5g6afh7bobaomqyurklgopqgffycq,f0441240,26298586927294282,PreCommitSector,{'exitCode': 0}
1,bafy2bzacebgo2t2qyb6tezin5ick3j56objfphuap3nkrw5gvz5i6nbsixnda,1566733,1645308390,f3wxzgitvivxvttdfpxugfzneewxcjmbu76vva2illmgdfpro3pvmhcts5g6afh7bobaomqyurklgopqgffycq,f0441240,26298586927294282,PreCommitSector,{'exitCode': 0}
1,bafy2bzacebjgjsqbtmnhcfi5xldxzj5yy5pfg3a4i6magcf53shcva3cket5m,1566733,1645308390,f3renfjyjvzbk2fxrwgarhigvw2vja67m4pnpsr4emzp66vpzocew2ctqsw6w5x5pdvsomt7vbnfvitvgnxb2a,f0157513,13149293463647140,PreCommitSector,{'exitCode': 0}
1,bafy2bzacecgl5inlcbox55v5w6mvcjkasm3fzufu3eweahxqvk27ozxq3l4d6,1566733,1645308390,f3renfjyjvzbk2fxrwgarhigvw2vja67m4pnpsr4emzp66vpzocew2ctqsw6w5x5pdvsomt7vbnfvitvgnxb2a,f0157513,13149233575356489,PreCommitSector,{'exitCode': 0}
1,bafy2bzacedomv63mr2boopnht7g3b3hdfqafnynctnswgam5iikmk6rrh32pg,1566733,1645308390,f3r6sg7fgakmdcavk54lltup2iib4deaicst6l4w77hkiyd5oc3lz534u7yi7apswsired6e6ns4appkqgl52a,f01384113,13149293463647140,PreCommitSector,{'exitCode': 0}
1,bafy2bzacebmqd6tyqqq66lx5z6znpq5ayf6atdradlexlqueu7xncpfmdoklq,1566733,1645308390,f3r6sg7fgakmdcavk54lltup2iib4deaicst6l4w77hkiyd5oc3lz534u7yi7apswsired6e6ns4appkqgl52a,f01384113,13149293463647140,PreCommitSector,{'exitCode': 0}
1,bafy2bzaceblvmjv2dmuojs2mt5slnkinfeniebt4uuf2gtyzqzziougnmuimw,1566733,1645308390,f3r6sg7fgakmdcavk54lltup2iib4deaicst6l4w77hkiyd5oc3lz534u7yi7apswsired6e6ns4appkqgl52a,f01384113,13149283693179580,PreCommitSector,{'exitCode': 0}
1,bafy2bzaceba76s5tveyrxodf7fuadqci67inwlkjc6y3dokmxeqhercedgkrg,1566733,1645308390,f3xbymhgetbbdsdwzad2dy3fbljgfnnmt57ijjqocgwt5oqojejaehxymzkhaxpmmov7irlba2sipk3ungitnq,f01287,13149263552597551,PreCommitSector,{'exitCode': 0}
1,bafy2bzaceb3mu6o6e657gelogpjqukrdnwqgbzyvt2fzhja7hjel3hyexcmlm,1566733,1645308390,f3xbymhgetbbdsdwzad2dy3fbljgfnnmt57ijjqocgwt5oqojejaehxymzkhaxpmmov7irlba2sipk3ungitnq,f01287,13149213751551317,PreCommitSector,{'exitCode': 0}
1,bafy2bzacebfpngcdd5fqfptrsdqvstda523wumbrbm35takokjpmgcor3tuku,1566733,1645308390,f3xbymhgetbbdsdwzad2dy3fbljgfnnmt57ijjqocgwt5oqojejaehxymzkhaxpmmov7irlba2sipk3ungitnq,f01287,13149021168160607,PreCommitSector,{'exitCode': 0}
1,bafy2bzacecgob5s3mgxl2sgsopzfn3kimqneflilfixusaluwowh7wb32aify,1566733,1645308390,f3xbymhgetbbdsdwzad2dy3fbljgfnnmt57ijjqocgwt5oqojejaehxymzkhaxpmmov7irlba2sipk3ungitnq,f01287,13148992425834746,PreCommitSector,{'exitCode': 0}
1,bafy2bzacedl4w7ou4czbeq23hoy6fnusjn7oxkqheyp64rgobd2oz5tmabxim,1566733,1645308390,f3xbymhgetbbdsdwzad2dy3fbljgfnnmt57ijjqocgwt5oqojejaehxymzkhaxpmmov7irlba2sipk3ungitnq,f01287,13149283693179580,PreCommitSector,{'exitCode': 0}
1,bafy2bzaceb5mycl5u3dgoinhe3wmog5xmkv46e32urvzerwa2yg6v3ppecwcg,1566733,1645308390,f3xbymhgetbbdsdwzad2dy3fbljgfnnmt57ijjqocgwt5oqojejaehxymzkhaxpmmov7irlba2sipk3ungitnq,f01287,13149273608769856,PreCommitSector,{'exitCode': 0}
1,bafy2bzacebthblnarrnpdw5o23l2qbl5x6mstr6s4kutlcnhxzcc35skagzy4,1566733,1645308390,f3xbymhgetbbdsdwzad2dy3fbljgfnnmt57ijjqocgwt5oqojejaehxymzkhaxpmmov7irlba2sipk3ungitnq,f01287,13149253528282754,PreCommitSector,{'exitCode': 0}
1,bafy2bzacecaepgswx6gwl2uadtyg3rjx2gkn2qdmsb3araamufvxdohrvgdtk,1566733,1645308390,f3vu4vau344liamyezdrvinkfjkk26kgggoohe7xot2u7cvoaj6sxkbmjat2j55em7wrl7slqtcthxso3x5doq,f01438656,26298567386359161,PreCommitSector,{'exitCode': 0}
1,bafy2bzacedpqwvw773dxfemtu2xvxgyc4xsgmbmhjlb4phpwxvzr26u54outs,1566733,1645308390,f3ruuksmwhziicekvug3e34defugmgm5pbuqcl4q2ndpe3e3qirzogo4zjjg32qdjzgza6dgwkxunjy3ikckea,f01025366,157274362427691406,ProveCommitSector,{'exitCode': 0}

